<?xml version="1.0" encoding="UTF-8"?>
<metadata xml:lang="es"><Esri><CreaDate>20140314</CreaDate><CreaTime>12573500</CreaTime><SyncOnce>FALSE</SyncOnce><DataProperties><itemProps><itemLocation><linkage Sync="TRUE">Server=10.58.82.163; Service=sde:sqlserver:10.58.82.163,1433; Database=INECEN; User=sde; Version=sde.DEFAULT</linkage><protocol Sync="TRUE">ArcSDE Connection</protocol></itemLocation><itemName Sync="TRUE">INECEN.SDE.SECC_CPV_E_20111101_01_R_INE</itemName><imsContentType Sync="TRUE">002</imsContentType><itemSize Sync="TRUE">0.000</itemSize></itemProps><copyHistory><copy source="\\mercator\Esplotacion2\Geodatabase\e14\SECC_CPV_C_20111101_02_R_INE" dest="\\mercator\Esplotacion2\Geodatabase\e14\SECC_CPV_C_20111101_02_R_INECopiar" date="20131016" time="12465200"/></copyHistory><coordRef><type Sync="TRUE">Projected</type><geogcsn Sync="TRUE">GCS_ETRS_1989</geogcsn><csUnits Sync="TRUE">Linear Unit: Meter (1.000000)</csUnits><projcsn Sync="TRUE">ETRS_1989_UTM_Zone_30N</projcsn><peXml Sync="TRUE">&lt;ProjectedCoordinateSystem xsi:type='typens:ProjectedCoordinateSystem' xmlns:xsi='http://www.w3.org/2001/XMLSchema-instance' xmlns:xs='http://www.w3.org/2001/XMLSchema' xmlns:typens='http://www.esri.com/schemas/ArcGIS/10.0'&gt;&lt;WKT&gt;PROJCS[&amp;quot;ETRS_1989_UTM_Zone_30N&amp;quot;,GEOGCS[&amp;quot;GCS_ETRS_1989&amp;quot;,DATUM[&amp;quot;D_ETRS_1989&amp;quot;,SPHEROID[&amp;quot;GRS_1980&amp;quot;,6378137.0,298.257222101]],PRIMEM[&amp;quot;Greenwich&amp;quot;,0.0],UNIT[&amp;quot;Degree&amp;quot;,0.0174532925199433]],PROJECTION[&amp;quot;Transverse_Mercator&amp;quot;],PARAMETER[&amp;quot;False_Easting&amp;quot;,500000.0],PARAMETER[&amp;quot;False_Northing&amp;quot;,0.0],PARAMETER[&amp;quot;Central_Meridian&amp;quot;,-3.0],PARAMETER[&amp;quot;Scale_Factor&amp;quot;,0.9996],PARAMETER[&amp;quot;Latitude_Of_Origin&amp;quot;,0.0],UNIT[&amp;quot;Meter&amp;quot;,1.0],AUTHORITY[&amp;quot;EPSG&amp;quot;,25830]]&lt;/WKT&gt;&lt;XOrigin&gt;-5120900&lt;/XOrigin&gt;&lt;YOrigin&gt;-9998100&lt;/YOrigin&gt;&lt;XYScale&gt;10000&lt;/XYScale&gt;&lt;ZOrigin&gt;0&lt;/ZOrigin&gt;&lt;ZScale&gt;1&lt;/ZScale&gt;&lt;MOrigin&gt;0&lt;/MOrigin&gt;&lt;MScale&gt;1&lt;/MScale&gt;&lt;XYTolerance&gt;0.001&lt;/XYTolerance&gt;&lt;ZTolerance&gt;0.001&lt;/ZTolerance&gt;&lt;MTolerance&gt;0.001&lt;/MTolerance&gt;&lt;HighPrecision&gt;true&lt;/HighPrecision&gt;&lt;WKID&gt;25830&lt;/WKID&gt;&lt;/ProjectedCoordinateSystem&gt;</peXml></coordRef><lineage><Process ToolSource="C:\Program Files (x86)\ArcGIS\Desktop10.0\ArcToolbox\Toolboxes\Conversion Tools.tbx\FeatureClassToFeatureClass" Date="20131016" Time="141315">FeatureClassToFeatureClass \\mercator\Esplotacion2\Geodatabase\e14\SECC_CPV_E_20111101_02_R_INE.shp "\\mercator\Esplotacion2\Geodatabase\e14\Nueva geodatabase de archivos.gdb\AAAAA" SECC_CPV_E_20111101_02_R_INE # "CUSECL "CUSECL" true true false 11 Text 0 0 ,First,#,\\mercator\Esplotacion2\Geodatabase\e14\SECC_CPV_E_20111101_02_R_INE.shp,CUSECL,-1,-1;CUSEC "CUSEC" true true false 10 Text 0 0 ,First,#,\\mercator\Esplotacion2\Geodatabase\e14\SECC_CPV_E_20111101_02_R_INE.shp,CUSEC,-1,-1;CUMUN "CUMUN" true true false 5 Text 0 0 ,First,#,\\mercator\Esplotacion2\Geodatabase\e14\SECC_CPV_E_20111101_02_R_INE.shp,CUMUN,-1,-1;CSEC "CSEC" true true false 3 Text 0 0 ,First,#,\\mercator\Esplotacion2\Geodatabase\e14\SECC_CPV_E_20111101_02_R_INE.shp,CSEC,-1,-1;CDIS "CDIS" true true false 2 Text 0 0 ,First,#,\\mercator\Esplotacion2\Geodatabase\e14\SECC_CPV_E_20111101_02_R_INE.shp,CDIS,-1,-1;CMUN "CMUN" true true false 3 Text 0 0 ,First,#,\\mercator\Esplotacion2\Geodatabase\e14\SECC_CPV_E_20111101_02_R_INE.shp,CMUN,-1,-1;CPRO "CPRO" true true false 2 Text 0 0 ,First,#,\\mercator\Esplotacion2\Geodatabase\e14\SECC_CPV_E_20111101_02_R_INE.shp,CPRO,-1,-1;CCA "CCA" true true false 2 Text 0 0 ,First,#,\\mercator\Esplotacion2\Geodatabase\e14\SECC_CPV_E_20111101_02_R_INE.shp,CCA,-1,-1;CUDIS "CUDIS" true true false 7 Text 0 0 ,First,#,\\mercator\Esplotacion2\Geodatabase\e14\SECC_CPV_E_20111101_02_R_INE.shp,CUDIS,-1,-1;OBS "OBS" true true false 50 Text 0 0 ,First,#,\\mercator\Esplotacion2\Geodatabase\e14\SECC_CPV_E_20111101_02_R_INE.shp,OBS,-1,-1;CNUT0 "CNUT0" true true false 2 Text 0 0 ,First,#,\\mercator\Esplotacion2\Geodatabase\e14\SECC_CPV_E_20111101_02_R_INE.shp,CNUT0,-1,-1;CNUT1 "CNUT1" true true false 1 Text 0 0 ,First,#,\\mercator\Esplotacion2\Geodatabase\e14\SECC_CPV_E_20111101_02_R_INE.shp,CNUT1,-1,-1;CNUT2 "CNUT2" true true false 1 Text 0 0 ,First,#,\\mercator\Esplotacion2\Geodatabase\e14\SECC_CPV_E_20111101_02_R_INE.shp,CNUT2,-1,-1;CNUT3 "CNUT3" true true false 1 Text 0 0 ,First,#,\\mercator\Esplotacion2\Geodatabase\e14\SECC_CPV_E_20111101_02_R_INE.shp,CNUT3,-1,-1;CLAU2 "CLAU2" true true false 5 Text 0 0 ,First,#,\\mercator\Esplotacion2\Geodatabase\e14\SECC_CPV_E_20111101_02_R_INE.shp,CLAU2,-1,-1;NPRO "NPRO" true true false 50 Text 0 0 ,First,#,\\mercator\Esplotacion2\Geodatabase\e14\SECC_CPV_E_20111101_02_R_INE.shp,NPRO,-1,-1;NCA "NCA" true true false 50 Text 0 0 ,First,#,\\mercator\Esplotacion2\Geodatabase\e14\SECC_CPV_E_20111101_02_R_INE.shp,NCA,-1,-1;NMUN "NMUN" true true false 50 Text 0 0 ,First,#,\\mercator\Esplotacion2\Geodatabase\e14\SECC_CPV_E_20111101_02_R_INE.shp,NMUN,-1,-1;NSS_N "NSS_N" true true false 19 Double 0 0 ,First,#,\\mercator\Esplotacion2\Geodatabase\e14\SECC_CPV_E_20111101_02_R_INE.shp,NSS_N,-1,-1;NSS_A "NSS_A" true true false 5 Text 0 0 ,First,#,\\mercator\Esplotacion2\Geodatabase\e14\SECC_CPV_E_20111101_02_R_INE.shp,NSS_A,-1,-1" #</Process><Process ToolSource="C:\Program Files (x86)\ArcGIS\Desktop10.0\ArcToolbox\Toolboxes\Conversion Tools.tbx\FeatureClassToFeatureClass" Date="20131016" Time="141504">FeatureClassToFeatureClass "\\mercator\Esplotacion2\Geodatabase\e14\Nueva geodatabase de archivos.gdb\AAAAA\SECC_CPV_E_20111101_02_R_INE" \\mercator\Esplotacion2\Geodatabase\e14 SECC_CPV_E_20111101_02_R_INEb.shp # "CUSECL "CUSECL" true true false 11 Text 0 0 ,First,#,\\mercator\Esplotacion2\Geodatabase\e14\Nueva geodatabase de archivos.gdb\AAAAA\SECC_CPV_E_20111101_02_R_INE,CUSECL,-1,-1;CUSEC "CUSEC" true true false 10 Text 0 0 ,First,#,\\mercator\Esplotacion2\Geodatabase\e14\Nueva geodatabase de archivos.gdb\AAAAA\SECC_CPV_E_20111101_02_R_INE,CUSEC,-1,-1;CUMUN "CUMUN" true true false 5 Text 0 0 ,First,#,\\mercator\Esplotacion2\Geodatabase\e14\Nueva geodatabase de archivos.gdb\AAAAA\SECC_CPV_E_20111101_02_R_INE,CUMUN,-1,-1;CSEC "CSEC" true true false 3 Text 0 0 ,First,#,\\mercator\Esplotacion2\Geodatabase\e14\Nueva geodatabase de archivos.gdb\AAAAA\SECC_CPV_E_20111101_02_R_INE,CSEC,-1,-1;CDIS "CDIS" true true false 2 Text 0 0 ,First,#,\\mercator\Esplotacion2\Geodatabase\e14\Nueva geodatabase de archivos.gdb\AAAAA\SECC_CPV_E_20111101_02_R_INE,CDIS,-1,-1;CMUN "CMUN" true true false 3 Text 0 0 ,First,#,\\mercator\Esplotacion2\Geodatabase\e14\Nueva geodatabase de archivos.gdb\AAAAA\SECC_CPV_E_20111101_02_R_INE,CMUN,-1,-1;CPRO "CPRO" true true false 2 Text 0 0 ,First,#,\\mercator\Esplotacion2\Geodatabase\e14\Nueva geodatabase de archivos.gdb\AAAAA\SECC_CPV_E_20111101_02_R_INE,CPRO,-1,-1;CCA "CCA" true true false 2 Text 0 0 ,First,#,\\mercator\Esplotacion2\Geodatabase\e14\Nueva geodatabase de archivos.gdb\AAAAA\SECC_CPV_E_20111101_02_R_INE,CCA,-1,-1;CUDIS "CUDIS" true true false 7 Text 0 0 ,First,#,\\mercator\Esplotacion2\Geodatabase\e14\Nueva geodatabase de archivos.gdb\AAAAA\SECC_CPV_E_20111101_02_R_INE,CUDIS,-1,-1;OBS "OBS" true true false 50 Text 0 0 ,First,#,\\mercator\Esplotacion2\Geodatabase\e14\Nueva geodatabase de archivos.gdb\AAAAA\SECC_CPV_E_20111101_02_R_INE,OBS,-1,-1;CNUT0 "CNUT0" true true false 2 Text 0 0 ,First,#,\\mercator\Esplotacion2\Geodatabase\e14\Nueva geodatabase de archivos.gdb\AAAAA\SECC_CPV_E_20111101_02_R_INE,CNUT0,-1,-1;CNUT1 "CNUT1" true true false 1 Text 0 0 ,First,#,\\mercator\Esplotacion2\Geodatabase\e14\Nueva geodatabase de archivos.gdb\AAAAA\SECC_CPV_E_20111101_02_R_INE,CNUT1,-1,-1;CNUT2 "CNUT2" true true false 1 Text 0 0 ,First,#,\\mercator\Esplotacion2\Geodatabase\e14\Nueva geodatabase de archivos.gdb\AAAAA\SECC_CPV_E_20111101_02_R_INE,CNUT2,-1,-1;CNUT3 "CNUT3" true true false 1 Text 0 0 ,First,#,\\mercator\Esplotacion2\Geodatabase\e14\Nueva geodatabase de archivos.gdb\AAAAA\SECC_CPV_E_20111101_02_R_INE,CNUT3,-1,-1;CLAU2 "CLAU2" true true false 5 Text 0 0 ,First,#,\\mercator\Esplotacion2\Geodatabase\e14\Nueva geodatabase de archivos.gdb\AAAAA\SECC_CPV_E_20111101_02_R_INE,CLAU2,-1,-1;NPRO "NPRO" true true false 50 Text 0 0 ,First,#,\\mercator\Esplotacion2\Geodatabase\e14\Nueva geodatabase de archivos.gdb\AAAAA\SECC_CPV_E_20111101_02_R_INE,NPRO,-1,-1;NCA "NCA" true true false 50 Text 0 0 ,First,#,\\mercator\Esplotacion2\Geodatabase\e14\Nueva geodatabase de archivos.gdb\AAAAA\SECC_CPV_E_20111101_02_R_INE,NCA,-1,-1;NMUN "NMUN" true true false 50 Text 0 0 ,First,#,\\mercator\Esplotacion2\Geodatabase\e14\Nueva geodatabase de archivos.gdb\AAAAA\SECC_CPV_E_20111101_02_R_INE,NMUN,-1,-1;NSS_N "NSS_N" true true false 8 Double 0 0 ,First,#,\\mercator\Esplotacion2\Geodatabase\e14\Nueva geodatabase de archivos.gdb\AAAAA\SECC_CPV_E_20111101_02_R_INE,NSS_N,-1,-1;NSS_A "NSS_A" true true false 5 Text 0 0 ,First,#,\\mercator\Esplotacion2\Geodatabase\e14\Nueva geodatabase de archivos.gdb\AAAAA\SECC_CPV_E_20111101_02_R_INE,NSS_A,-1,-1;Shape_Leng "Shape_Length" false true true 8 Double 0 0 ,First,#,\\mercator\Esplotacion2\Geodatabase\e14\Nueva geodatabase de archivos.gdb\AAAAA\SECC_CPV_E_20111101_02_R_INE,Shape_Length,-1,-1;Shape_Area "Shape_Area" false true true 8 Double 0 0 ,First,#,\\mercator\Esplotacion2\Geodatabase\e14\Nueva geodatabase de archivos.gdb\AAAAA\SECC_CPV_E_20111101_02_R_INE,Shape_Area,-1,-1" #</Process><Process ToolSource="C:\Program Files (x86)\ArcGIS\Desktop10.0\ArcToolbox\Toolboxes\Conversion Tools.tbx\FeatureClassToFeatureClass" Date="20131017" Time="141617">FeatureClassToFeatureClass Z:\e14\SECC_CPV_E_20111101_01_R_INE.shp "Conexiones de base de datos\Connection to 10.58.82.163_sde.sde\INECEN.SDE.SECCIONES_CENSALES" SECC_CPV_E_20111101_01_R_INE # "CUSEC "CUSEC" true true false 10 Text 0 0 ,First,#,Z:\e14\SECC_CPV_E_20111101_01_R_INE.shp,CUSEC,-1,-1;CUMUN "CUMUN" true true false 5 Text 0 0 ,First,#,Z:\e14\SECC_CPV_E_20111101_01_R_INE.shp,CUMUN,-1,-1;CSEC "CSEC" true true false 3 Text 0 0 ,First,#,Z:\e14\SECC_CPV_E_20111101_01_R_INE.shp,CSEC,-1,-1;CDIS "CDIS" true true false 2 Text 0 0 ,First,#,Z:\e14\SECC_CPV_E_20111101_01_R_INE.shp,CDIS,-1,-1;CMUN "CMUN" true true false 3 Text 0 0 ,First,#,Z:\e14\SECC_CPV_E_20111101_01_R_INE.shp,CMUN,-1,-1;CPRO "CPRO" true true false 2 Text 0 0 ,First,#,Z:\e14\SECC_CPV_E_20111101_01_R_INE.shp,CPRO,-1,-1;CCA "CCA" true true false 2 Text 0 0 ,First,#,Z:\e14\SECC_CPV_E_20111101_01_R_INE.shp,CCA,-1,-1;CUDIS "CUDIS" true true false 7 Text 0 0 ,First,#,Z:\e14\SECC_CPV_E_20111101_01_R_INE.shp,CUDIS,-1,-1;OBS "OBS" true true false 50 Text 0 0 ,First,#,Z:\e14\SECC_CPV_E_20111101_01_R_INE.shp,OBS,-1,-1;CNUT0 "CNUT0" true true false 2 Text 0 0 ,First,#,Z:\e14\SECC_CPV_E_20111101_01_R_INE.shp,CNUT0,-1,-1;CNUT1 "CNUT1" true true false 1 Text 0 0 ,First,#,Z:\e14\SECC_CPV_E_20111101_01_R_INE.shp,CNUT1,-1,-1;CNUT2 "CNUT2" true true false 1 Text 0 0 ,First,#,Z:\e14\SECC_CPV_E_20111101_01_R_INE.shp,CNUT2,-1,-1;CNUT3 "CNUT3" true true false 1 Text 0 0 ,First,#,Z:\e14\SECC_CPV_E_20111101_01_R_INE.shp,CNUT3,-1,-1;CLAU2 "CLAU2" true true false 5 Text 0 0 ,First,#,Z:\e14\SECC_CPV_E_20111101_01_R_INE.shp,CLAU2,-1,-1;NPRO "NPRO" true true false 50 Text 0 0 ,First,#,Z:\e14\SECC_CPV_E_20111101_01_R_INE.shp,NPRO,-1,-1;NCA "NCA" true true false 50 Text 0 0 ,First,#,Z:\e14\SECC_CPV_E_20111101_01_R_INE.shp,NCA,-1,-1;NMUN "NMUN" true true false 50 Text 0 0 ,First,#,Z:\e14\SECC_CPV_E_20111101_01_R_INE.shp,NMUN,-1,-1;Shape_Leng "Shape_Leng" true true false 19 Double 0 0 ,First,#,Z:\e14\SECC_CPV_E_20111101_01_R_INE.shp,Shape_Leng,-1,-1;Shape_Area "Shape_Area" true true false 19 Double 0 0 ,First,#,Z:\e14\SECC_CPV_E_20111101_01_R_INE.shp,Shape_Area,-1,-1" #</Process></lineage></DataProperties><SyncDate>20131017</SyncDate><SyncTime>14153700</SyncTime><ModDate>20131017</ModDate><ModTime>14153700</ModTime><ArcGISFormat>1.0</ArcGISFormat></Esri><dataIdInfo><envirDesc Sync="TRUE">Microsoft Windows Server 2008 R2 Version 6.1 (Build 7600) ; ESRI ArcGIS 10.0.4.4000</envirDesc><dataLang><languageCode value="spa" Sync="TRUE"/><countryCode value="ESP" Sync="TRUE"/></dataLang><idCitation><resTitle Sync="TRUE">INECEN.SDE.SECC_CPV_E_20111101_01_R_INE</resTitle><presForm><PresFormCd value="005" Sync="TRUE"/></presForm></idCitation><spatRpType><SpatRepTypCd value="001" Sync="TRUE"/></spatRpType></dataIdInfo><mdLang><languageCode value="spa" Sync="TRUE"/><countryCode value="ESP" Sync="TRUE"/></mdLang><distInfo><distFormat><formatName Sync="TRUE">Clase de entidad SDE</formatName></distFormat><distTranOps><transSize Sync="TRUE">0.000</transSize></distTranOps></distInfo><mdHrLv><ScopeCd value="005" Sync="TRUE"/></mdHrLv><mdHrLvName Sync="TRUE">dataset</mdHrLvName><refSysInfo><RefSystem><refSysID><identCode code="25830" Sync="TRUE" value="25830"/><idCodeSpace Sync="TRUE">EPSG</idCodeSpace><idVersion Sync="TRUE">7.4.1</idVersion></refSysID></RefSystem></refSysInfo><spatRepInfo><VectSpatRep><geometObjs Name="INECEN.SDE.SECC_CPV_E_20111101_01_R_INE"><geoObjTyp><GeoObjTypCd value="002" Sync="TRUE"/></geoObjTyp><geoObjCnt Sync="TRUE">0</geoObjCnt></geometObjs><topLvl><TopoLevCd value="001" Sync="TRUE"/></topLvl></VectSpatRep></spatRepInfo><spdoinfo><ptvctinf><esriterm><efeatyp Sync="TRUE">Simple</efeatyp><efeageom code="4" Sync="TRUE"/><esritopo Sync="TRUE">FALSE</esritopo><efeacnt Sync="TRUE">0</efeacnt><spindex Sync="TRUE">TRUE</spindex><linrefer Sync="TRUE">FALSE</linrefer></esriterm></ptvctinf></spdoinfo><eainfo><detailed Name="INECEN.SDE.SECC_CPV_E_20111101_01_R_INE"><enttyp><enttypl Sync="TRUE">INECEN.SDE.SECC_CPV_E_20111101_01_R_INE</enttypl><enttypt Sync="TRUE">Feature Class</enttypt><enttypc Sync="TRUE">0</enttypc></enttyp><attr><attrlabl Sync="TRUE">OBJECTID</attrlabl><attalias Sync="TRUE">OBJECTID</attalias><attrtype Sync="TRUE">OID</attrtype><attwidth Sync="TRUE">4</attwidth><atprecis Sync="TRUE">10</atprecis><attscale Sync="TRUE">0</attscale><attrdef Sync="TRUE">Internal feature number.</attrdef><attrdefs Sync="TRUE">ESRI</attrdefs><attrdomv><udom Sync="TRUE">Sequential unique whole numbers that are automatically generated.</udom></attrdomv></attr><attr><attrlabl Sync="TRUE">Shape</attrlabl><attalias Sync="TRUE">Shape</attalias><attrtype Sync="TRUE">Geometry</attrtype><attwidth Sync="TRUE">4</attwidth><atprecis Sync="TRUE">0</atprecis><attscale Sync="TRUE">0</attscale><attrdef Sync="TRUE">Feature geometry.</attrdef><attrdefs Sync="TRUE">ESRI</attrdefs><attrdomv><udom Sync="TRUE">Coordinates defining the features.</udom></attrdomv></attr><attr><attrlabl Sync="TRUE">CUSEC</attrlabl><attalias Sync="TRUE">CUSEC</attalias><attrtype Sync="TRUE">String</attrtype><attwidth Sync="TRUE">10</attwidth><atprecis Sync="TRUE">0</atprecis><attscale Sync="TRUE">0</attscale></attr><attr><attrlabl Sync="TRUE">CUMUN</attrlabl><attalias Sync="TRUE">CUMUN</attalias><attrtype Sync="TRUE">String</attrtype><attwidth Sync="TRUE">5</attwidth><atprecis Sync="TRUE">0</atprecis><attscale Sync="TRUE">0</attscale></attr><attr><attrlabl Sync="TRUE">CSEC</attrlabl><attalias Sync="TRUE">CSEC</attalias><attrtype Sync="TRUE">String</attrtype><attwidth Sync="TRUE">3</attwidth><atprecis Sync="TRUE">0</atprecis><attscale Sync="TRUE">0</attscale></attr><attr><attrlabl Sync="TRUE">CDIS</attrlabl><attalias Sync="TRUE">CDIS</attalias><attrtype Sync="TRUE">String</attrtype><attwidth Sync="TRUE">2</attwidth><atprecis Sync="TRUE">0</atprecis><attscale Sync="TRUE">0</attscale></attr><attr><attrlabl Sync="TRUE">CMUN</attrlabl><attalias Sync="TRUE">CMUN</attalias><attrtype Sync="TRUE">String</attrtype><attwidth Sync="TRUE">3</attwidth><atprecis Sync="TRUE">0</atprecis><attscale Sync="TRUE">0</attscale></attr><attr><attrlabl Sync="TRUE">CPRO</attrlabl><attalias Sync="TRUE">CPRO</attalias><attrtype Sync="TRUE">String</attrtype><attwidth Sync="TRUE">2</attwidth><atprecis Sync="TRUE">0</atprecis><attscale Sync="TRUE">0</attscale></attr><attr><attrlabl Sync="TRUE">CCA</attrlabl><attalias Sync="TRUE">CCA</attalias><attrtype Sync="TRUE">String</attrtype><attwidth Sync="TRUE">2</attwidth><atprecis Sync="TRUE">0</atprecis><attscale Sync="TRUE">0</attscale></attr><attr><attrlabl Sync="TRUE">CUDIS</attrlabl><attalias Sync="TRUE">CUDIS</attalias><attrtype Sync="TRUE">String</attrtype><attwidth Sync="TRUE">7</attwidth><atprecis Sync="TRUE">0</atprecis><attscale Sync="TRUE">0</attscale></attr><attr><attrlabl Sync="TRUE">OBS</attrlabl><attalias Sync="TRUE">OBS</attalias><attrtype Sync="TRUE">String</attrtype><attwidth Sync="TRUE">50</attwidth><atprecis Sync="TRUE">0</atprecis><attscale Sync="TRUE">0</attscale></attr><attr><attrlabl Sync="TRUE">CNUT0</attrlabl><attalias Sync="TRUE">CNUT0</attalias><attrtype Sync="TRUE">String</attrtype><attwidth Sync="TRUE">2</attwidth><atprecis Sync="TRUE">0</atprecis><attscale Sync="TRUE">0</attscale></attr><attr><attrlabl Sync="TRUE">CNUT1</attrlabl><attalias Sync="TRUE">CNUT1</attalias><attrtype Sync="TRUE">String</attrtype><attwidth Sync="TRUE">1</attwidth><atprecis Sync="TRUE">0</atprecis><attscale Sync="TRUE">0</attscale></attr><attr><attrlabl Sync="TRUE">CNUT2</attrlabl><attalias Sync="TRUE">CNUT2</attalias><attrtype Sync="TRUE">String</attrtype><attwidth Sync="TRUE">1</attwidth><atprecis Sync="TRUE">0</atprecis><attscale Sync="TRUE">0</attscale></attr><attr><attrlabl Sync="TRUE">CNUT3</attrlabl><attalias Sync="TRUE">CNUT3</attalias><attrtype Sync="TRUE">String</attrtype><attwidth Sync="TRUE">1</attwidth><atprecis Sync="TRUE">0</atprecis><attscale Sync="TRUE">0</attscale></attr><attr><attrlabl Sync="TRUE">CLAU2</attrlabl><attalias Sync="TRUE">CLAU2</attalias><attrtype Sync="TRUE">String</attrtype><attwidth Sync="TRUE">5</attwidth><atprecis Sync="TRUE">0</atprecis><attscale Sync="TRUE">0</attscale></attr><attr><attrlabl Sync="TRUE">NPRO</attrlabl><attalias Sync="TRUE">NPRO</attalias><attrtype Sync="TRUE">String</attrtype><attwidth Sync="TRUE">50</attwidth><atprecis Sync="TRUE">0</atprecis><attscale Sync="TRUE">0</attscale></attr><attr><attrlabl Sync="TRUE">NCA</attrlabl><attalias Sync="TRUE">NCA</attalias><attrtype Sync="TRUE">String</attrtype><attwidth Sync="TRUE">50</attwidth><atprecis Sync="TRUE">0</atprecis><attscale Sync="TRUE">0</attscale></attr><attr><attrlabl Sync="TRUE">NMUN</attrlabl><attalias Sync="TRUE">NMUN</attalias><attrtype Sync="TRUE">String</attrtype><attwidth Sync="TRUE">50</attwidth><atprecis Sync="TRUE">0</atprecis><attscale Sync="TRUE">0</attscale></attr><attr><attrlabl Sync="TRUE">Shape_Leng</attrlabl><attalias Sync="TRUE">Shape_Leng</attalias><attrtype Sync="TRUE">Double</attrtype><attwidth Sync="TRUE">8</attwidth><atprecis Sync="TRUE">38</atprecis><attscale Sync="TRUE">8</attscale></attr><attr><attrlabl Sync="TRUE">Shape.area</attrlabl><attalias Sync="TRUE">Shape.area</attalias><attrtype Sync="TRUE">Double</attrtype><attwidth Sync="TRUE">0</attwidth><atprecis Sync="TRUE">0</atprecis><attscale Sync="TRUE">0</attscale></attr><attr><attrlabl Sync="TRUE">Shape.len</attrlabl><attalias Sync="TRUE">Shape.len</attalias><attrtype Sync="TRUE">Double</attrtype><attwidth Sync="TRUE">0</attwidth><atprecis Sync="TRUE">0</atprecis><attscale Sync="TRUE">0</attscale></attr></detailed></eainfo><mdDateSt Sync="TRUE">20131017</mdDateSt></metadata>
